,Treatment,yf_true,yf_hat,diff_yf_DR,diff_yf_W/O_DR,diff_yf_DR_Prob,diff_yf_W/O_DR_Prob
0,0,0,0.28458336,0.28458336,0.211908564,0.002354264,0.001675615
1,0,0,0.285497397,0.285497397,0.206785172,0.002361825,0.001635103
2,0,0,0.639088333,0.639088333,0.627358139,0.005286966,0.00496068
3,0,0,0.109367579,0.109367579,0.114065766,0.000904762,0.000901947
4,0,0,0.105373606,0.105373606,0.082461715,0.000871721,0.000652046
5,0,0,0.084966429,0.084966429,0.078784414,0.000702899,0.000622968
6,0,1,0.135143578,0.864856422,0.850634873,0.007154671,0.006726186
7,0,0,0.227075085,0.227075085,0.247677118,0.001878517,0.001958446
8,0,0,0.120634161,0.120634161,0.130717739,0.000997966,0.001033618
9,0,0,0.207891375,0.207891375,0.237082273,0.001719816,0.00187467
10,0,0,0.19851698,0.19851698,0.227655008,0.001642265,0.001800126
11,0,0,0.156128988,0.156128988,0.174299136,0.001291603,0.001378227
12,0,0,0.106651239,0.106651239,0.1017434,0.00088229,0.000804511
13,0,0,0.101028323,0.101028323,0.102147475,0.000835774,0.000807706
14,0,0,0.116126552,0.116126552,0.1239141,0.000960676,0.00097982
15,0,0,0.116126552,0.116126552,0.1239141,0.000960676,0.00097982
16,0,0,0.090888225,0.090888225,0.077266522,0.000751888,0.000610966
17,0,1,0.173387825,0.826612175,0.833602965,0.006838289,0.00659151
18,0,1,0.703811049,0.296188951,0.360577822,0.002450273,0.00285118
19,0,1,0.643141925,0.356858075,0.390776694,0.002952169,0.00308997
20,0,1,0.806355536,0.193644464,0.260951936,0.001601956,0.002063413
21,0,1,0.879054606,0.120945394,0.191204727,0.001000541,0.001511904
22,0,1,0.879054606,0.120945394,0.191204727,0.001000541,0.001511904
23,0,1,0.900749862,0.099250138,0.144661188,0.000821063,0.001143873
24,0,1,0.91299516,0.08700484,0.106707394,0.000719762,0.000843762
25,0,1,0.92136395,0.07863605,0.13487047,0.00065053,0.001066455
26,0,1,0.881429613,0.118570387,0.127199292,0.000980894,0.001005797
27,0,1,0.820994139,0.179005861,0.287491202,0.001480856,0.002273266
28,0,1,0.820994139,0.179005861,0.287491202,0.001480856,0.002273266
29,0,1,0.899696648,0.100303352,0.126231074,0.000829776,0.000998141
30,0,1,0.828852415,0.171147585,0.246137857,0.001415847,0.001946274
31,0,1,0.84032768,0.15967232,0.205695271,0.001320916,0.001626485
32,0,1,0.951696277,0.048303723,0.061876833,0.000399601,0.000489276
33,0,1,0.905758798,0.094241202,0.148306668,0.000779626,0.001172698
34,0,0,0.799124897,0.799124897,0.774212658,0.006610895,0.006121896
35,0,1,0.939974427,0.060025573,0.077301919,0.000496572,0.000611246
36,0,1,0.780759633,0.219240367,0.311455011,0.001813703,0.002462754
37,0,1,0.911350608,0.088649392,0.09783715,0.000733367,0.000773623
38,0,1,0.81518954,0.18481046,0.275291204,0.001528876,0.002176797
39,0,1,0.947872043,0.052127957,0.077907205,0.000431237,0.000616032
40,0,0,0.631341696,0.631341696,0.461356044,0.005222881,0.003648059
41,0,1,0.874602914,0.125397086,0.174950421,0.001037369,0.001383377
42,0,1,0.932586253,0.067413747,0.0860008,0.000557692,0.00068003
43,0,1,0.934138,0.065862,0.088928223,0.000544854,0.000703178
44,0,1,0.718758047,0.281241953,0.357593238,0.002326621,0.00282758
45,0,1,0.932715774,0.067284226,0.094190061,0.00055662,0.000744785
46,0,0,0.87189889,0.87189889,0.852828503,0.007212931,0.006743531
47,0,1,0.901501656,0.098498344,0.112111211,0.000814844,0.000886492
48,0,0,0.842214227,0.842214227,0.821703315,0.006967359,0.006497416
49,0,1,0.878931582,0.121068418,0.176764071,0.001001559,0.001397718
50,0,1,0.759178162,0.240821838,0.248729646,0.001992239,0.001966768
51,0,1,0.894161284,0.105838716,0.145993054,0.000875569,0.001154404
52,0,1,0.955743909,0.044256091,0.066664875,0.000366116,0.000527136
53,0,1,0.874885142,0.125114858,0.16795069,0.001035034,0.001328029
54,0,1,0.902789414,0.097210586,0.142160416,0.000804191,0.001124098
55,0,1,0.92819041,0.07180959,0.093367219,0.000594057,0.000738278
56,0,1,0.943570435,0.056429565,0.073162258,0.000466823,0.000578513
57,0,1,0.946684778,0.053315222,0.069149554,0.000441059,0.000546783
58,0,1,0.932670295,0.067329705,0.084219873,0.000556996,0.000665948
59,0,1,0.952707887,0.047292113,0.071149588,0.000391232,0.000562598
60,0,1,0.947544992,0.052455008,0.073440969,0.000433943,0.000580716
61,0,1,0.941871405,0.058128595,0.072933257,0.000480879,0.000576702
62,0,1,0.908012509,0.091987491,0.120622754,0.000760982,0.000953795
63,0,1,0.922496855,0.077503145,0.101893067,0.000641158,0.000805694
64,0,1,0.928778231,0.071221769,0.116050184,0.000589194,0.000917638
65,0,1,0.883250773,0.116749227,0.164637804,0.000965828,0.001301833
66,0,1,0.86954236,0.13045764,0.146165967,0.001079233,0.001155771
67,0,1,0.828230321,0.171769679,0.218826056,0.001420994,0.001730313
68,0,1,0.879111886,0.120888114,0.16905874,0.001000067,0.00133679
69,0,1,0.962221205,0.037778795,0.05734551,0.000312531,0.000453445
70,0,1,0.949209869,0.050790131,0.067435086,0.00042017,0.000533226
71,0,1,0.94201386,0.05798614,0.094036877,0.0004797,0.000743573
72,0,1,0.953403354,0.046596646,0.069533169,0.000385479,0.000549816
73,0,1,0.84460783,0.15539217,0.184484959,0.001285508,0.001458769
74,0,1,0.935003459,0.064996541,0.095313311,0.000537695,0.000753667
75,0,1,0.96813935,0.03186065,0.047284782,0.000263573,0.000373893
76,0,1,0.921713531,0.078286469,0.128501117,0.000647638,0.001016091
77,0,1,0.919740856,0.080259144,0.095613778,0.000663957,0.000756042
78,0,1,0.843170643,0.156829357,0.183919013,0.001297397,0.001454294
79,0,0,0.769773602,0.769773602,0.624114037,0.006368082,0.004935028
80,0,0,0.903321445,0.903321445,0.872284651,0.007472879,0.006897376
81,0,1,0.956203282,0.043796718,0.064809442,0.000362316,0.000512465
82,0,0,0.960872948,0.960872948,0.941984534,0.007948983,0.007448511
83,0,1,0.963964164,0.036035836,0.053817511,0.000298113,0.000425549
84,0,1,0.961725652,0.038274348,0.05336082,0.000316631,0.000421938
85,0,1,0.955042601,0.044957399,0.059665143,0.000371918,0.000471787
86,0,1,0.945735335,0.054264665,0.076955199,0.000448914,0.000608504
87,0,1,0.957184076,0.042815924,0.060936928,0.000354202,0.000481844
88,0,1,0.970337451,0.029662549,0.044442415,0.000245388,0.000351417
89,0,1,0.964554489,0.035445511,0.056155145,0.000293229,0.000444033
90,0,1,0.973007917,0.026992083,0.037338853,0.000223297,0.000295248
91,0,1,0.965489447,0.034510553,0.051131904,0.000285494,0.000404313
92,0,1,0.960612237,0.039387763,0.057888508,0.000325842,0.000457739
93,0,1,0.952063322,0.047936678,0.064136505,0.000396564,0.000507144
94,0,0,0.970046282,0.970046282,0.958486438,0.008024871,0.007578995
95,0,1,0.876068234,0.123931766,0.147387326,0.001025246,0.001165429
96,0,1,0.964021444,0.035978556,0.048272848,0.000297639,0.000381706
97,0,1,0.844000518,0.155999482,0.202973366,0.001290532,0.001604962
98,0,1,0.890227854,0.109772146,0.149221003,0.000908109,0.001179928
99,0,1,0.936903834,0.063096166,0.084489048,0.000521974,0.000668076
100,0,1,0.943590701,0.056409299,0.080689728,0.000466655,0.000638034
101,0,1,0.953073204,0.046926796,0.062877178,0.00038821,0.000497186
102,0,1,0.961933792,0.038066208,0.056203067,0.000314909,0.000444412
103,0,1,0.926571846,0.073428154,0.088837624,0.000607447,0.000702462
104,0,1,0.968202233,0.031797767,0.044493318,0.000263052,0.00035182
105,0,1,0.937972605,0.062027395,0.074921489,0.000513132,0.000592423
106,0,1,0.957096279,0.042903721,0.062766731,0.000354928,0.000496312
107,0,1,0.961700439,0.038299561,0.05453819,0.00031684,0.000431247
108,0,1,0.952018797,0.047981203,0.064518154,0.000396933,0.000510161
109,0,1,0.95665586,0.04334414,0.05820632,0.000358572,0.000460252
110,0,1,0.968616784,0.031383216,0.046852231,0.000259623,0.000370472
111,0,0,0.970440924,0.970440924,0.956442356,0.008028136,0.007562832
112,0,1,0.96321249,0.03678751,0.050892889,0.000304331,0.000402423
113,0,1,0.971562862,0.028437138,0.042406201,0.000235251,0.000335317
114,0,1,0.96974808,0.03025192,0.042618871,0.000250264,0.000336998
115,0,1,0.965120494,0.034879506,0.050762832,0.000288547,0.000401395
116,0,1,0.943488479,0.056511521,0.069538653,0.000467501,0.00054986
117,0,1,0.973408341,0.026591659,0.039278388,0.000219984,0.000310584
118,0,1,0.966329634,0.033670366,0.045178533,0.000278544,0.000357238
119,0,1,0.966795623,0.033204377,0.052045226,0.000274689,0.000411535
120,0,1,0.956999838,0.043000162,0.05841428,0.000355726,0.000461897
121,0,1,0.966559112,0.033440888,0.053119779,0.000276645,0.000420032
122,0,1,0.962746322,0.037253678,0.050638139,0.000308187,0.000400409
123,0,1,0.97901082,0.02098918,0.03096348,0.000173637,0.000244836
124,0,1,0.953798711,0.046201289,0.062577367,0.000382208,0.000494815
125,0,1,0.9764117,0.0235883,0.035275996,0.000195138,0.000278936
126,0,1,0.963527262,0.036472738,0.049031496,0.000301727,0.000387704
127,0,1,0.964590549,0.035409451,0.050688088,0.000292931,0.000400804
128,0,1,0.963597298,0.036402702,0.050066411,0.000301147,0.000395888
129,0,0,0.964972019,0.964972019,0.949388862,0.007982894,0.007507058
130,0,1,0.938100874,0.061899126,0.076256275,0.000512071,0.000602978
131,0,1,0.961039126,0.038960874,0.05324173,0.00032231,0.000420996
132,0,0,0.970992684,0.970992684,0.957643867,0.008032701,0.007572333
133,0,1,0.948314369,0.051685631,0.073850334,0.000427578,0.000583953
134,0,1,0.963967502,0.036032498,0.051215053,0.000298085,0.00040497
135,0,1,0.94870156,0.05129844,0.07172507,0.000424375,0.000567148
136,0,1,0.912762105,0.087237895,0.110422075,0.00072169,0.000873135
137,0,1,0.962180495,0.037819505,0.05430752,0.000312868,0.000429423
138,0,1,0.751205623,0.248794377,0.295547009,0.002058193,0.002336965
139,0,0,0.710507333,0.710507333,0.659333229,0.005877792,0.005213515
140,0,1,0.950244248,0.049755752,0.06957227,0.000411613,0.000550126
141,0,1,0.953263044,0.046736956,0.061335623,0.000386639,0.000484996
142,0,1,0.971317172,0.028682828,0.041619003,0.000237284,0.000329092
143,0,1,0.983507991,0.016492009,0.02513808,0.000136433,0.000198773
144,0,1,0.975304782,0.024695218,0.036404133,0.000204295,0.000287857
145,0,1,0.968619585,0.031380415,0.042329311,0.0002596,0.000334709
146,0,1,0.976390243,0.023609757,0.034916043,0.000195316,0.00027609
147,0,1,0.968125582,0.031874418,0.045709431,0.000263686,0.000361436
148,0,1,0.975858331,0.024141669,0.03393656,0.000199716,0.000268345
149,0,1,0.97189492,0.02810508,0.045524895,0.000232504,0.000359977
150,0,1,0.964367092,0.035632908,0.051535487,0.000294779,0.000407504
151,0,1,0.975066364,0.024933636,0.033809721,0.000206268,0.000267342
152,0,1,0.960793138,0.039206862,0.052949607,0.000324345,0.000418686
153,0,1,0.967017174,0.032982826,0.044956565,0.000272856,0.000355483
154,0,1,0.960525811,0.039474189,0.055042684,0.000326557,0.000435236
155,0,1,0.970570982,0.029429018,0.039726853,0.000243457,0.00031413
156,0,1,0.96850282,0.03149718,0.045457721,0.000260566,0.000359446
157,0,1,0.974757254,0.025242746,0.035112798,0.000208825,0.000277646
158,0,1,0.969441891,0.030558109,0.043631971,0.000252797,0.000345009
159,0,1,0.707494855,0.292505145,0.321341276,0.002419798,0.002540927
160,0,1,0.844177604,0.155822396,0.188881218,0.001289067,0.001493532
161,0,1,0.964432955,0.035567045,0.057220161,0.000294234,0.000452454
162,0,1,0.971165359,0.028834641,0.041312873,0.000238539,0.000326671
163,0,1,0.968209386,0.031790614,0.043656051,0.000262993,0.000345199
164,0,1,0.96820116,0.03179884,0.043287396,0.000263061,0.000342284
165,0,1,0.974894583,0.025105417,0.036304295,0.000207689,0.000287067
166,0,1,0.978439152,0.021560848,0.033721685,0.000178366,0.000266646
167,0,1,0.979231119,0.020768881,0.030671597,0.000171814,0.000242528
168,0,1,0.973890424,0.026109576,0.036152005,0.000215996,0.000285863
169,0,1,0.979146123,0.020853877,0.030725241,0.000172517,0.000242952
170,0,1,0.973781407,0.026218593,0.035773098,0.000216898,0.000282867
171,0,1,0.972728372,0.027271628,0.044810712,0.000225609,0.00035433
172,0,1,0.966736674,0.033263326,0.041649461,0.000275176,0.000329333
173,0,0,0.97403717,0.97403717,0.959800363,0.008057887,0.007589385
174,0,1,0.976689816,0.023310184,0.034078419,0.000192837,0.000269467
175,0,1,0.972206295,0.027793705,0.037004113,0.000229928,0.000292601
176,0,1,0.975063741,0.024936259,0.037024379,0.000206289,0.000292761
177,0,1,0.97948885,0.02051115,0.030381918,0.000169682,0.000240238
178,0,1,0.973973632,0.026026368,0.03722924,0.000215308,0.000294381
179,0,1,0.970289886,0.029710114,0.041061699,0.000245782,0.000324685
180,0,1,0.972959638,0.027040362,0.043251276,0.000223696,0.000341999
181,0,1,0.977824509,0.022175491,0.032401264,0.00018345,0.000256205
182,0,1,0.981656611,0.018343389,0.028360486,0.000151749,0.000224254
183,0,1,0.9759956,0.0240044,0.032741427,0.00019858,0.000258895
184,0,1,0.975847185,0.024152815,0.037422478,0.000199808,0.000295909
185,0,1,0.980149686,0.019850314,0.029407263,0.000164215,0.000232531
186,0,1,0.967960954,0.032039046,0.046057403,0.000265048,0.000364188
187,0,1,0.975072801,0.024927199,0.034873784,0.000206214,0.000275756
188,0,1,0.976954579,0.023045421,0.031889558,0.000190647,0.000252159
189,0,1,0.973999619,0.026000381,0.035285413,0.000215093,0.000279011
190,0,1,0.981033087,0.018966913,0.028074205,0.000156907,0.00022199
191,0,1,0.970142961,0.029857039,0.040540874,0.000246997,0.000320567
192,0,1,0.978037834,0.021962166,0.0340271,0.000181686,0.000269061
193,0,1,0.978599668,0.021400332,0.031082809,0.000177038,0.00024578
194,0,1,0.978544176,0.021455824,0.031518161,0.000177497,0.000249222
195,0,1,0.979584336,0.020415664,0.030063868,0.000168892,0.000237723
196,0,1,0.979469538,0.020530462,0.029998839,0.000169842,0.000237208
197,0,1,0.981289566,0.018710434,0.027222812,0.000154785,0.000215258
198,0,1,0.987022996,0.012977004,0.019748032,0.000107354,0.000156153
199,0,1,0.974126637,0.025873363,0.041278064,0.000214042,0.000326396
200,0,1,0.978566885,0.021433115,0.031498492,0.000177309,0.000249067
201,0,1,0.981666028,0.018333972,0.029611588,0.000151671,0.000234146
202,0,1,0.97426945,0.02573055,0.034950793,0.00021286,0.000276365
203,0,1,0.972936869,0.027063131,0.039777577,0.000223884,0.000314531
204,0,1,0.972828209,0.027171791,0.036486268,0.000224783,0.000288506
205,0,1,0.979673684,0.020326316,0.031611741,0.000168153,0.000249962
206,0,1,0.975868642,0.024131358,0.034376025,0.000199631,0.00027182
207,0,1,0.963402212,0.036597788,0.045996964,0.000302761,0.00036371
208,0,1,0.976109743,0.023890257,0.032464623,0.000197636,0.000256706
209,0,1,0.980928004,0.019071996,0.028003454,0.000157776,0.00022143
210,0,1,0.981438816,0.018561184,0.027661622,0.000153551,0.000218727
211,0,1,0.969702601,0.030297399,0.038750172,0.00025064,0.000306407
212,0,1,0.979055941,0.020944059,0.030113101,0.000173263,0.000238112
213,0,1,0.971370935,0.028629065,0.040902436,0.000236839,0.000323426
214,0,1,0.986906111,0.013093889,0.020263493,0.000108321,0.000160229
215,0,1,0.981222987,0.018777013,0.028233051,0.000155336,0.000223246
216,0,1,0.981049716,0.018950284,0.031016111,0.000156769,0.000245252
217,0,1,0.981584132,0.018415868,0.027072728,0.000152348,0.000214071
218,0,1,0.980739594,0.019260406,0.031174779,0.000159335,0.000246507
219,0,1,0.980482101,0.019517899,0.031565666,0.000161465,0.000249598
220,0,1,0.980382562,0.019617438,0.029196322,0.000162289,0.000230863
221,0,0,0.957059264,0.957059264,0.928472519,0.007917434,0.007341668
222,0,1,0.981817126,0.018182874,0.026908875,0.000150421,0.000212775
223,0,1,0.968233466,0.031766534,0.042648554,0.000262794,0.000337233
224,0,1,0.975562155,0.024437845,0.03254199,0.000202166,0.000257318
225,0,1,0.982115626,0.017884374,0.02620554,0.000147951,0.000207214
226,0,1,0.980329394,0.019670606,0.030318856,0.000162728,0.000239739
227,0,1,0.983891785,0.016108215,0.027656555,0.000133258,0.000218687
228,0,1,0.983367324,0.016632676,0.025969923,0.000137597,0.000205351
229,0,1,0.964907348,0.035092652,0.043192267,0.00029031,0.000341532
230,0,1,0.977489769,0.022510231,0.03091681,0.00018622,0.000244467
231,0,1,0.984004498,0.015995502,0.02622962,0.000132325,0.000207404
232,0,1,0.980451286,0.019548714,0.03035593,0.00016172,0.000240032
233,0,1,0.983450651,0.016549349,0.025931239,0.000136907,0.000205045
234,0,1,0.98036778,0.01963222,0.026541173,0.000162411,0.000209868
235,0,1,0.972529531,0.027470469,0.03886956,0.000227254,0.000307351
236,0,1,0.971584916,0.028415084,0.037973642,0.000235069,0.000300267
237,0,1,0.979273319,0.020726681,0.033285737,0.000171465,0.000263199
238,0,1,0.982129216,0.017870784,0.028136671,0.000147839,0.000222484
239,0,1,0.979976416,0.020023584,0.026902974,0.000165648,0.000212729
240,0,1,0.975503922,0.024496078,0.033917427,0.000202648,0.000268194
241,0,1,0.963807583,0.036192417,0.048438847,0.000299408,0.000383018
242,0,1,0.981374443,0.018625557,0.026688576,0.000154083,0.000211033
243,0,1,0.967921317,0.032078683,0.043059766,0.000265376,0.000340484
244,0,1,0.975203633,0.024796367,0.031405687,0.000205132,0.000248333
245,0,1,0.982061684,0.017938316,0.025902867,0.000148398,0.000204821
246,0,0,0.984195232,0.984195232,0.976294339,0.008141921,0.007719807
247,0,1,0.978555024,0.021444976,0.031798065,0.000177407,0.000251435
248,0,1,0.973177969,0.026822031,0.036074042,0.00022189,0.000285247
249,0,1,0.984306097,0.015693903,0.023443222,0.00012983,0.000185372
250,0,1,0.980278313,0.019721687,0.025705755,0.000163151,0.000203262
251,0,1,0.98022294,0.01977706,0.026292503,0.000163609,0.000207901
252,0,1,0.971170187,0.028829813,0.039697647,0.000238499,0.000313899
253,0,1,0.976787508,0.023212492,0.031875849,0.000192029,0.00025205
254,0,1,0.983099937,0.016900063,0.024585664,0.000139809,0.000194405
255,0,1,0.97988373,0.02011627,0.029750407,0.000166415,0.000235244
256,0,1,0.976673543,0.023326457,0.031432092,0.000192972,0.000248542
257,0,1,0.981184363,0.018815637,0.028826952,0.000155656,0.000227942
258,0,1,0.982984424,0.017015576,0.026294887,0.000140764,0.00020792
259,0,1,0.98066932,0.01933068,0.02529639,0.000159916,0.000200025
260,0,1,0.984014213,0.015985787,0.023548603,0.000132245,0.000186205
261,0,1,0.985264182,0.014735818,0.023449957,0.000121905,0.000185425
262,0,1,0.980301321,0.019698679,0.030213654,0.000162961,0.000238907
263,0,1,0.986091912,0.013908088,0.022282481,0.000115057,0.000176193
264,0,1,0.981053054,0.018946946,0.025346339,0.000156742,0.00020042
265,0,1,0.981659949,0.018340051,0.025471389,0.000151721,0.000201409
266,0,1,0.976810813,0.023189187,0.030253232,0.000191836,0.00023922
267,0,1,0.983195245,0.016804755,0.02560854,0.00013902,0.000202493
268,0,1,0.983081877,0.016918123,0.024100244,0.000139958,0.000190567
269,0,1,0.984447002,0.015552998,0.022725224,0.000128665,0.000179694
270,0,1,0.984120309,0.015879691,0.022774518,0.000131367,0.000180084
271,0,1,0.986599803,0.013400197,0.022418082,0.000110855,0.000177265
272,0,1,0.981571496,0.018428504,0.030522823,0.000152453,0.000241352
273,0,0,0.983323038,0.983323038,0.976355791,0.008134706,0.007720293
274,0,1,0.980233729,0.019766271,0.0256778,0.00016352,0.000203041
275,0,1,0.984836042,0.015163958,0.022381306,0.000125446,0.000176975
276,0,1,0.983448267,0.016551733,0.024615824,0.000136927,0.000194644
277,0,1,0.976199567,0.023800433,0.03066361,0.000196893,0.000242465
278,0,1,0.982606053,0.017393947,0.0245983,0.000143894,0.000194505
279,0,1,0.983501077,0.016498923,0.025816202,0.00013649,0.000204135
280,0,1,0.97745502,0.02254498,0.027168632,0.000186507,0.000214829
281,0,1,0.984359145,0.015640855,0.022915781,0.000129392,0.000181201
282,0,1,0.980421305,0.019578695,0.024757624,0.000161968,0.000195765
283,0,1,0.978706956,0.021293044,0.028655171,0.00017615,0.000226584
284,0,1,0.98376888,0.01623112,0.023308277,0.000134275,0.000184304
285,0,1,0.986405671,0.013594329,0.024009943,0.000112461,0.000189853
286,0,1,0.978556395,0.021443605,0.028684616,0.000177396,0.000226817
287,0,1,0.984588563,0.015411437,0.025207162,0.000127494,0.000199319
288,0,1,0.98195833,0.01804167,0.023689389,0.000149253,0.000187318
289,0,1,0.986523449,0.013476551,0.021928966,0.000111487,0.000173398
290,0,1,0.985150993,0.014849007,0.024611115,0.000122841,0.000194606
291,0,1,0.979544699,0.020455301,0.047694445,0.00016922,0.000377132
292,0,1,0.983793318,0.016206682,0.022698343,0.000134073,0.000179482
293,0,1,0.985375583,0.014624417,0.022083223,0.000120983,0.000174618
294,0,1,0.953416049,0.046583951,0.057014883,0.000385374,0.000450831
295,0,1,0.981719315,0.018280685,0.02330178,0.00015123,0.000184253
296,0,1,0.98047328,0.01952672,0.024431646,0.000161538,0.000193187
297,0,1,0.985521019,0.014478981,0.021699369,0.00011978,0.000171582
298,0,1,0.98586303,0.01413697,0.021535993,0.00011695,0.000170291
299,0,1,0.986435473,0.013564527,0.021582842,0.000112215,0.000170661
300,0,1,0.978584349,0.021415651,0.029262364,0.000177165,0.000231385
301,0,0,0.20144175,0.20144175,0.266337067,0.001666461,0.002105995
302,0,1,0.986705959,0.013294041,0.021859288,0.000109977,0.000172847
303,0,1,0.986476123,0.013523877,0.020804286,0.000111879,0.000164505
304,0,1,0.97191602,0.02808398,0.031811953,0.000232329,0.000251545
305,0,1,0.979828298,0.020171702,0.029589117,0.000166874,0.000233969
306,0,1,0.984930992,0.015069008,0.022262573,0.000124661,0.000176036
307,0,1,0.984522939,0.015477061,0.023020267,0.000128037,0.000182027
308,0,1,0.986656725,0.013343275,0.022323728,0.000110384,0.000176519
309,0,1,0.986852705,0.013147295,0.020903289,0.000108763,0.000165288
310,0,1,0.987066686,0.012933314,0.020903826,0.000106993,0.000165292
311,0,1,0.986955881,0.013044119,0.022601545,0.00010791,0.000178716
312,0,1,0.984950781,0.015049219,0.025594413,0.000124497,0.000202382
313,0,1,0.985874832,0.014125168,0.022896111,0.000116853,0.000181045
314,0,1,0.98392278,0.01607722,0.022927821,0.000133002,0.000181296
315,0,1,0.986624956,0.013375044,0.022767246,0.000110647,0.000180026
316,0,1,0.983824134,0.016175866,0.027972519,0.000133818,0.000221186
317,0,1,0.973292887,0.026707113,0.030068576,0.000220939,0.00023776
318,0,1,0.975477159,0.024522841,0.027911425,0.000202869,0.000220703
319,0,1,0.980467439,0.019532561,0.025033236,0.000161586,0.000197944
320,0,1,0.983115494,0.016884506,0.027446687,0.00013968,0.000217028
321,0,1,0.985680819,0.014319181,0.023454845,0.000118458,0.000185463
322,0,1,0.985444725,0.014555275,0.022407353,0.000120411,0.000177181
323,0,1,0.98545593,0.01454407,0.023931623,0.000120318,0.000189233
324,0,1,0.985488951,0.014511049,0.026235878,0.000120045,0.000207454
325,0,0,0.960474133,0.960474133,0.934375763,0.007945684,0.007388346
326,0,0,0.985124826,0.985124826,0.971439362,0.008149611,0.007681417
327,0,1,0.983792067,0.016207933,0.034392834,0.000134083,0.000271953
328,0,1,0.669625401,0.330374599,0.733097792,0.00273308,0.00579679
329,0,0,0.339249343,0.339249343,0.267648846,0.002806497,0.002116367
330,0,0,0.339249343,0.339249343,0.267648846,0.002806497,0.002116367
331,0,0,0.339249343,0.339249343,0.267648846,0.002806497,0.002116367
332,0,0,0.426880926,0.426880926,0.358163595,0.003531444,0.00283209
333,0,1,0.418126106,0.581873894,0.650045395,0.00481365,0.005140074
334,0,0,0.29102993,0.29102993,0.219690278,0.002407594,0.001737147
335,0,0,0.236445993,0.236445993,0.160845459,0.001956039,0.001271846
336,0,0,0.167379081,0.167379081,0.168756872,0.001384672,0.001334403
337,0,1,0.67310071,0.32689929,0.334523082,0.002704329,0.002645159
338,0,0,0.303696781,0.303696781,0.298144251,0.002512383,0.002357502
339,0,0,0.253049791,0.253049791,0.158908367,0.002093397,0.001256529
340,0,0,0.253049791,0.253049791,0.158908367,0.002093397,0.001256529
341,0,1,0.625414371,0.374585629,0.3729285,0.003098823,0.00294884
342,0,1,0.159671366,0.840328634,0.837292552,0.00695176,0.006620685
343,0,0,0.094087169,0.094087169,0.090531327,0.000778352,0.000715854
344,0,0,0.264731288,0.264731288,0.271695018,0.002190034,0.002148361
345,0,0,0.314315349,0.314315349,0.319265813,0.002600227,0.002524516
346,0,0,0.264731288,0.264731288,0.271695018,0.002190034,0.002148361
347,0,0,0.096138984,0.096138984,0.088449709,0.000795326,0.000699394
348,0,1,0.692321658,0.307678342,0.318077385,0.002545321,0.002515119
349,0,1,0.887313426,0.112686574,0.14750874,0.000932219,0.001166389
350,0,1,0.728003383,0.271996617,0.302580833,0.002250138,0.002392583
351,0,1,0.71027112,0.28972888,0.427952528,0.002396831,0.003383929
352,0,1,0.796230853,0.203769147,0.217779815,0.001685715,0.00172204
353,0,0,0.880003989,0.880003989,0.804648876,0.007279981,0.006362563
354,0,0,0.655328214,0.655328214,0.545784652,0.005421313,0.004315658
355,0,1,0.883819759,0.116180241,0.133674443,0.000961121,0.001056998
356,0,1,0.814000785,0.185999215,0.222717524,0.00153871,0.001761084
357,0,1,0.814000785,0.185999215,0.222717524,0.00153871,0.001761084
358,0,0,0.840757191,0.840757191,0.842635274,0.006955306,0.006662931
359,0,1,0.840649188,0.159350812,0.182697535,0.001318256,0.001444636
360,0,1,0.580348372,0.419651628,0.589497626,0.003471639,0.004661307
361,0,1,0.773055434,0.226944566,0.254783809,0.001877437,0.00201464
362,0,1,0.85503453,0.14496547,0.230349898,0.001199251,0.001821435
363,0,1,0.884391129,0.115608871,0.137664735,0.000956394,0.00108855
364,0,1,0.818064034,0.181935966,0.180968344,0.001505096,0.001430963
365,0,1,0.924153924,0.075846076,0.094762743,0.000627449,0.000749313
366,0,1,0.948545933,0.051454067,0.076273978,0.000425662,0.000603118
367,0,1,0.899703741,0.100296259,0.133242548,0.000829718,0.001053583
368,0,1,0.876354694,0.123645306,0.15460223,0.001022877,0.001222479
369,0,1,0.929192126,0.070807874,0.089249551,0.00058577,0.000705719
370,0,1,0.838850498,0.161149502,0.238371789,0.001333136,0.001884866
371,0,1,0.892012537,0.107987463,0.127129555,0.000893344,0.001005246
372,0,1,0.861283302,0.138716698,0.160203815,0.001147557,0.001266772
373,0,1,0.905136406,0.094863594,0.13699311,0.000784775,0.001083239
374,0,1,0.902624846,0.097375154,0.117363214,0.000805552,0.000928021
375,0,0,0.932263255,0.932263255,0.897605956,0.007712305,0.007097598
376,0,1,0.948742092,0.051257908,0.069599807,0.00042404,0.000550343
377,0,1,0.863153398,0.136846602,0.157563746,0.001132087,0.001245896
378,0,0,0.855270445,0.855270445,0.798014045,0.007075369,0.006310099
379,0,0,0.704963684,0.704963684,0.594686627,0.005831931,0.004702338
380,0,1,0.913386762,0.086613238,0.102326691,0.000716523,0.000809123
381,0,1,0.856783628,0.143216372,0.181387007,0.001184782,0.001434273
382,0,1,0.908825636,0.091174364,0.130224586,0.000754255,0.001029719
383,0,1,0.946290314,0.053709686,0.074331701,0.000444322,0.00058776
384,0,0,0.876531422,0.876531422,0.816824675,0.007251254,0.00645884
385,0,1,0.917114735,0.082885265,0.119085968,0.000685682,0.000941643
386,0,1,0.840026021,0.159973979,0.195340931,0.001323412,0.00154461
387,0,1,0.883669913,0.116330087,0.136345506,0.00096236,0.001078118
388,0,1,0.910926878,0.089073122,0.10980314,0.000736872,0.000868241
389,0,1,0.960869431,0.039130569,0.057794869,0.000323714,0.000456999
390,0,1,0.896761179,0.103238821,0.124372482,0.000854061,0.000983445
391,0,1,0.929508328,0.070491672,0.098780751,0.000583154,0.000781084
392,0,1,0.717459142,0.282540858,0.382184267,0.002337367,0.003022028
393,0,1,0.91730535,0.08269465,0.111174405,0.000684105,0.000879084
394,0,1,0.957449317,0.042550683,0.059913516,0.000352008,0.000473751
395,0,1,0.967546165,0.032453835,0.04943347,0.00026848,0.000390883
396,0,1,0.839732885,0.160267115,0.166385651,0.001325837,0.001315654
397,0,1,0.929271281,0.070728719,0.088172674,0.000585115,0.000697204
398,0,1,0.908946872,0.091053128,0.113126814,0.000753252,0.000894522
399,0,1,0.896547735,0.103452265,0.162101507,0.000855826,0.001281778
400,0,1,0.934976578,0.065023422,0.099985659,0.000537917,0.000790612
401,0,1,0.918514788,0.081485212,0.106639266,0.0006741,0.000843224
402,0,1,0.907506526,0.092493474,0.135845482,0.000765168,0.001074165
403,0,1,0.951350391,0.048649609,0.068692923,0.000402462,0.000543172
404,0,0,0.963790953,0.963790953,0.944813311,0.007973123,0.007470878
405,0,1,0.922739804,0.077260196,0.109757423,0.000639148,0.00086788
406,0,1,0.908791006,0.091208994,0.123022854,0.000754542,0.000972773
407,0,1,0.955882609,0.044117391,0.062121332,0.000364969,0.000491209
408,0,0,0.861004472,0.861004472,0.800286293,0.007122805,0.006328067
409,0,1,0.937616587,0.062383413,0.075088501,0.000516077,0.000593744
410,0,1,0.953415036,0.046584964,0.070113659,0.000385382,0.000554406
411,0,1,0.913111448,0.086888552,0.123587549,0.0007188,0.000977238
412,0,1,0.934386194,0.065613806,0.089988768,0.000542801,0.000711564
413,0,1,0.886102557,0.113897443,0.147856772,0.000942236,0.001169141
414,0,1,0.923480213,0.076519787,0.101341963,0.000633023,0.000801337
415,0,1,0.934469223,0.065530777,0.082818091,0.000542114,0.000654864
416,0,1,0.950130284,0.049869716,0.080971241,0.000412556,0.00064026
417,0,1,0.896300554,0.103699446,0.1148628,0.000857871,0.000908249
418,0,1,0.963816881,0.036183119,0.052873254,0.000299331,0.000418082
419,0,1,0.971288502,0.028711498,0.042770267,0.000237521,0.000338195
420,0,1,0.90095669,0.09904331,0.120077729,0.000819352,0.000949485
421,0,1,0.952699721,0.047300279,0.062041342,0.0003913,0.000490577
422,0,1,0.961905777,0.038094223,0.060542345,0.000315141,0.000478724
423,0,1,0.939801812,0.060198188,0.079703331,0.000498,0.000630234
424,0,1,0.954879105,0.045120895,0.0707708,0.00037327,0.000559603
425,0,1,0.937761128,0.062238872,0.07926929,0.000514882,0.000626802
426,0,1,0.97927171,0.02072829,0.030774474,0.000171478,0.000243342
427,0,0,0.88458389,0.88458389,0.87605083,0.007317869,0.006927156
428,0,1,0.854948044,0.145051956,0.156605303,0.001199967,0.001238318
429,0,1,0.894370139,0.105629861,0.119339049,0.000873841,0.000943644
430,0,1,0.950844824,0.049155176,0.077376723,0.000406644,0.000611837
431,0,1,0.94784528,0.05215472,0.065701008,0.000431459,0.000519515
432,0,1,0.966847301,0.033152699,0.046832621,0.000274261,0.000370317
433,0,1,0.96284169,0.03715831,0.05641228,0.000307398,0.000446066
434,0,1,0.963393271,0.036606729,0.056189954,0.000302835,0.000444308
435,0,1,0.975527763,0.024472237,0.035431862,0.000202451,0.000280169
436,0,1,0.967096984,0.032903016,0.041826606,0.000272196,0.000330734
437,0,1,0.971302927,0.028697073,0.040277481,0.000237401,0.000318484
438,0,1,0.925662816,0.074337184,0.097959459,0.000614967,0.00077459
439,0,1,0.94622016,0.05377984,0.069829583,0.000444903,0.00055216
440,0,0,0.874249101,0.874249101,0.84243989,0.007232373,0.006661386
441,0,1,0.963841915,0.036158085,0.051458836,0.000299124,0.000406898
442,0,1,0.968414843,0.031585157,0.044497788,0.000261294,0.000351855
443,0,1,0.967591524,0.032408476,0.045939565,0.000268105,0.000363256
444,0,1,0.917078733,0.082921267,0.113676608,0.00068598,0.00089887
445,0,0,0.891703248,0.891703248,0.866550744,0.007376765,0.006852036
446,0,1,0.965733349,0.034266651,0.054914415,0.000283477,0.000434222
447,0,1,0.95899713,0.04100287,0.050538182,0.000339203,0.000399618
448,0,1,0.958485782,0.041514218,0.053664207,0.000343433,0.000424336
449,0,1,0.960562527,0.039437473,0.056972802,0.000326253,0.000450498
450,0,1,0.955270648,0.044729352,0.063784361,0.000370031,0.000504359
451,0,1,0.966347337,0.033652663,0.050127208,0.000278397,0.000396369
452,0,1,0.965327263,0.034672737,0.043636143,0.000286836,0.000345042
453,0,1,0.954218328,0.045781672,0.057276189,0.000378737,0.000452897
454,0,1,0.962851763,0.037148237,0.057016551,0.000307315,0.000450844
455,0,1,0.899575174,0.100424826,0.165577054,0.000830781,0.00130926
456,0,1,0.954038978,0.045961022,0.061525881,0.00038022,0.000486501
457,0,0,0.965158582,0.965158582,0.950970411,0.007984437,0.007519564
458,0,1,0.963604391,0.036395609,0.05540812,0.000301089,0.000438126
459,0,1,0.972363234,0.027636766,0.041259766,0.00022863,0.000326251
460,0,0,0.955061615,0.955061615,0.930740714,0.007900908,0.007359603
461,0,1,0.951090872,0.048909128,0.063351095,0.000404609,0.000500933
462,0,1,0.971836627,0.028163373,0.041316271,0.000232986,0.000326698
463,0,1,0.968055248,0.031944752,0.048617065,0.000264268,0.000384427
464,0,1,0.975916207,0.024083793,0.035049617,0.000199237,0.000277146
465,0,1,0.982244313,0.017755687,0.027307153,0.000146887,0.000215925
466,0,1,0.967121661,0.032878339,0.050736964,0.000271992,0.00040119
467,0,0,0.837454438,0.837454438,0.74402827,0.006927983,0.00588322
468,0,1,0.971333921,0.028666079,0.042345047,0.000237145,0.000334833
469,0,1,0.973691344,0.026308656,0.036928177,0.000217643,0.000292
470,0,1,0.972860217,0.027139783,0.03680861,0.000224518,0.000291055
471,0,1,0.973054588,0.026945412,0.040780783,0.00022291,0.000322464
472,0,1,0.977498055,0.022501945,0.035331249,0.000186151,0.000279373
473,0,1,0.931449711,0.068550289,0.087357342,0.000567094,0.000690757
474,0,1,0.975372016,0.024627984,0.035794079,0.000203739,0.000283033
475,0,1,0.970498204,0.029501796,0.037995756,0.000244059,0.000300442
476,0,1,0.974438965,0.025561035,0.038278818,0.000211458,0.00030268
477,0,1,0.978734136,0.021265864,0.032874346,0.000175925,0.000259946
478,0,1,0.967020154,0.032979846,0.043551624,0.000272831,0.000344374
479,0,1,0.97269398,0.02730602,0.035817921,0.000225894,0.000283221
480,0,1,0.976174831,0.023825169,0.035828292,0.000197098,0.000283303
481,0,1,0.976934671,0.023065329,0.034233332,0.000190812,0.000270692
482,0,1,0.952022016,0.047977984,0.068128347,0.000396906,0.000538708
483,0,1,0.977705061,0.022294939,0.03353709,0.000184439,0.000265186
484,0,1,0.986299455,0.013700545,0.021030009,0.00011334,0.00016629
485,0,1,0.978286147,0.021713853,0.034554422,0.000179632,0.000273231
486,0,1,0.948236883,0.051763117,0.067130923,0.000428219,0.000530821
487,0,1,0.979466558,0.020533442,0.032677174,0.000169866,0.000258387
488,0,1,0.970295608,0.029704392,0.03917563,0.000245735,0.000309772
489,0,1,0.975280643,0.024719357,0.033091307,0.000204495,0.000261661
490,0,1,0.982457817,0.017542183,0.025800824,0.000145121,0.000204014
491,0,1,0.981917977,0.018082023,0.028292477,0.000149587,0.000223716
492,0,1,0.966850877,0.033149123,0.045492291,0.000274232,0.000359719
493,0,1,0.981484771,0.018515229,0.030132592,0.00015317,0.000238266
494,0,1,0.974191487,0.025808513,0.034830809,0.000213505,0.000275416
495,0,1,0.988134086,0.011865914,0.018709481,9.82E-05,0.000147941
496,0,1,0.983210683,0.016789317,0.025111079,0.000138892,0.00019856
497,0,1,0.98391968,0.01608032,0.026469767,0.000133027,0.000209303
498,0,1,0.935326517,0.064673483,0.091556489,0.000535022,0.00072396
499,0,1,0.547158778,0.452841222,0.475855291,0.003746205,0.003762708
500,1,1,0.662865698,0.337134302,0.249976754,0.002789,0.00197663
501,1,1,0.69898051,0.30101949,0.242837846,0.002490234,0.00192018
502,0,1,0.864328682,0.135671318,0.181026578,0.001122364,0.001431423
503,0,1,0.747661233,0.252338767,0.274909675,0.002087515,0.002173781
504,0,0,0.929664552,0.929664552,0.914061785,0.007690807,0.007227718
505,0,1,0.83591187,0.16408813,0.219185889,0.001357447,0.001733158
506,0,1,0.929667234,0.070332766,0.085514843,0.00058184,0.000676188
507,0,1,0.961625218,0.038374782,0.049585223,0.000317462,0.000392083
508,0,0,0.540051877,0.540051877,0.504571676,0.00446767,0.003989776
509,0,1,0.474127233,0.525872767,0.54946667,0.004350371,0.004344772
510,1,1,0.746894598,0.253105402,0.217956126,0.002093857,0.001723434
511,1,1,0.739660382,0.260339618,0.224659503,0.002153703,0.00177644
512,0,1,0.779954076,0.220045924,0.249593377,0.001820367,0.001973598
513,0,0,0.8663311,0.8663311,0.856507838,0.00716687,0.006772625
514,0,0,0.665721118,0.665721118,0.643934786,0.00550729,0.005091756
515,1,1,0.678957701,0.321042299,0.242547333,0.002655877,0.001917883
516,1,1,0.699594975,0.300405025,0.246237338,0.002485151,0.001947061
517,1,1,0.743801236,0.256198764,0.21796912,0.002119447,0.001723537
518,1,1,0.68506676,0.31493324,0.235964835,0.002605338,0.001865834
519,0,1,0.849083066,0.150916934,0.165709019,0.001248486,0.001310303
520,0,1,0.860931396,0.139068604,0.157772839,0.001150468,0.00124755
521,1,0,0.741377652,0.741377652,0.762165129,0.006133172,0.006026633
522,1,1,0.737565458,0.262434542,0.243116677,0.002171034,0.001922385
523,0,1,0.887197435,0.112802565,0.154287219,0.000933178,0.001219988
524,1,1,0.669032633,0.330967367,0.272024691,0.002737983,0.002150968
525,1,1,0.69123137,0.30876863,0.243332088,0.002554341,0.001924089
526,1,0,0.747159004,0.747159004,0.749319792,0.006180999,0.005925062
527,1,0,0.75428915,0.75428915,0.748492718,0.006239984,0.005918522
528,1,1,0.74442184,0.25557816,0.246239066,0.002114313,0.001947075
529,0,1,0.509815395,0.490184605,0.562901199,0.004055135,0.004451003
530,1,1,0.723447323,0.276552677,0.222055495,0.002287829,0.001755849
531,0,1,0.600152671,0.399847329,0.431336343,0.003307804,0.003410686
532,1,1,0.690920353,0.309079647,0.249311805,0.002556913,0.001971372
533,1,1,0.688293755,0.311706245,0.24807024,0.002578642,0.001961554
534,0,1,0.742028177,0.257971823,0.302394032,0.002134115,0.002391106
535,1,1,0.746389747,0.253610253,0.232539833,0.002098034,0.001838751
536,1,1,0.743773103,0.256226897,0.234376609,0.00211968,0.001853275
537,1,0,0.694290698,0.694290698,0.7464571,0.005743637,0.005902426
538,0,1,0.734732091,0.265267909,0.284498036,0.002194473,0.002249598
539,1,1,0.699567258,0.300432742,0.252636075,0.00248538,0.001997658
540,0,1,0.809929967,0.190070033,0.193068206,0.001572386,0.001526639
541,1,1,0.695926666,0.304073334,0.253083944,0.002515498,0.002001199
542,0,0,0.795457959,0.795457959,0.795179904,0.00658056,0.006287689
543,0,0,0.796867549,0.796867549,0.798330605,0.006592221,0.006312603
544,1,1,0.694126308,0.305873692,0.249674082,0.002530392,0.001974236
545,1,1,0.695459425,0.304540575,0.248621523,0.002519363,0.001965913
546,1,0,0.729297757,0.729297757,0.754751205,0.006033239,0.005968009
547,1,1,0.694571495,0.305428505,0.248804927,0.002526709,0.001967364
548,0,1,0.770390093,0.229609907,0.237938762,0.001899487,0.001881442
549,0,0,0.931865036,0.931865036,0.921543539,0.007709011,0.007286878
550,0,1,0.873893619,0.126106381,0.134473562,0.001043236,0.001063317
551,0,1,0.519428194,0.480571806,0.546247184,0.003975611,0.004319315
552,0,1,0.849123538,0.150876462,0.224363267,0.001248151,0.001774097
553,0,1,0.610797286,0.389202714,0.413366556,0.003219745,0.003268594
554,1,1,0.748027027,0.251972973,0.236440718,0.002084489,0.001869597
555,0,1,0.896474361,0.103525639,0.133656263,0.000856433,0.001056854
556,1,1,0.724143207,0.275856793,0.221228898,0.002282072,0.001749313
557,0,1,0.776405334,0.223594666,0.283312261,0.001849725,0.002240222
558,1,1,0.75086081,0.24913919,0.236211777,0.002061046,0.001867786
559,0,1,0.842889249,0.157110751,0.194460273,0.001299725,0.001537647
560,0,1,0.887230575,0.112769425,0.129449964,0.000932904,0.001023594
561,1,1,0.670137942,0.329862058,0.243425071,0.002728839,0.001924824
562,0,0,0.643403232,0.643403232,0.632474959,0.005322662,0.00500114
563,1,1,0.748780668,0.251219332,0.235286415,0.002078254,0.001860469
564,1,1,0.748780668,0.251219332,0.235286415,0.002078254,0.001860469
565,1,0,0.745290399,0.745290399,0.760121822,0.00616554,0.006010476
566,1,1,0.696820438,0.303179562,0.254523516,0.002508104,0.002012582
567,0,1,0.767141759,0.232858241,0.249605179,0.001926359,0.001973691
568,0,1,0.760137081,0.239862919,0.258987784,0.001984306,0.002047882
569,0,1,0.848084927,0.151915073,0.171178639,0.001256743,0.001353553
570,1,1,0.692633569,0.307366431,0.250374198,0.002542741,0.001979772
571,1,0,0.68898958,0.68898958,0.749694169,0.005699782,0.005928022
572,0,1,0.764652193,0.235347807,0.275917709,0.001946954,0.002181751
573,0,0,0.565446734,0.565446734,0.529827237,0.004677753,0.004189478
574,0,0,0.860207736,0.860207736,0.849480331,0.007116213,0.006717056
575,0,0,0.835189641,0.835189641,0.816551566,0.006909247,0.00645668
576,0,1,0.629631877,0.370368123,0.367582023,0.003063933,0.002906564
577,1,1,0.687946618,0.312053382,0.24586463,0.002581514,0.001944114
578,0,1,0.591156542,0.408843458,0.427694201,0.003382226,0.003381887
579,0,0,0.606403887,0.606403887,0.601484656,0.005016578,0.004756092
580,0,0,0.583453536,0.583453536,0.567952216,0.004826718,0.004490942
581,1,1,0.695608377,0.304391623,0.25812608,0.002518131,0.002041068
582,0,1,0.73673892,0.26326108,0.268271923,0.002177872,0.002121294
583,0,1,0.643362105,0.356637895,0.37623471,0.002950347,0.002974983
584,0,0,0.798291385,0.798291385,0.772764742,0.006604,0.006110447
585,0,0,0.808959544,0.808959544,0.798578143,0.006692254,0.00631456
586,0,1,0.597242415,0.402757585,0.417673349,0.00333188,0.003302649
587,1,0,0.695478261,0.695478261,0.744286716,0.005753461,0.005885264
588,0,0,0.787560523,0.787560523,0.779233515,0.006515227,0.006161597
589,1,1,0.698957145,0.301042855,0.246336102,0.002490428,0.001947842
590,0,1,0.718684673,0.281315327,0.291980326,0.002327228,0.002308762
591,0,0,0.648536563,0.648536563,0.637414992,0.005365128,0.005040202
592,0,1,0.634247601,0.365752399,0.371058285,0.003025748,0.002934052
593,0,0,0.76786238,0.76786238,0.75517416,0.006352271,0.005971354
594,0,1,0.639221787,0.360778213,0.364956796,0.002984599,0.002885806
595,0,1,0.744799554,0.255200446,0.309053242,0.002111189,0.002443762
596,0,1,0.625414371,0.374585629,0.3729285,0.003098823,0.00294884
597,0,1,0.840281963,0.159718037,0.169569314,0.001321294,0.001340828
598,0,0,0.64393872,0.64393872,0.64073056,0.005327092,0.005066419
599,0,1,0.64393872,0.35606128,0.35926944,0.002945577,0.002840835
600,1,0,0.733231246,0.733231246,0.752170742,0.006065779,0.005947605
601,0,1,0.732996821,0.267003179,0.260745347,0.002208829,0.00206178
602,1,0,0.732582092,0.732582092,0.752725124,0.006060409,0.005951988
603,0,1,0.731039584,0.268960416,0.262761056,0.00222502,0.002077718
604,1,1,0.696447015,0.303552985,0.248302162,0.002511193,0.001963388
605,1,0,0.729457796,0.729457796,0.756575525,0.006034563,0.005982435
606,0,1,0.828443289,0.171556711,0.17522043,0.001419232,0.001385512
607,1,1,0.690036118,0.309963882,0.249090374,0.002564228,0.001969621
608,1,1,0.695314884,0.304685116,0.250310719,0.002520559,0.00197927
609,0,1,0.755323648,0.244676352,0.242492199,0.002024126,0.001917447
610,0,0,0.648407578,0.648407578,0.653951347,0.005364061,0.005170959
611,0,1,0.743229568,0.256770432,0.249606013,0.002124177,0.001973698
612,1,1,0.697366714,0.302633286,0.250063777,0.002503585,0.001977318
613,1,0,0.695222735,0.695222735,0.750948846,0.005751347,0.005937943
614,0,1,0.770022213,0.229977787,0.227169096,0.00190253,0.001796284
615,0,1,0.685199559,0.314800441,0.328816772,0.00260424,0.002600038
616,1,1,0.696009994,0.303990006,0.248824537,0.002514809,0.001967519
617,0,1,0.734676361,0.265323639,0.266089559,0.002194935,0.002104038
618,0,0,0.70956707,0.70956707,0.704377413,0.005870013,0.005569691
619,0,1,0.695488214,0.304511786,0.31160444,0.002519125,0.002463935
620,1,1,0.729297757,0.270702243,0.245248795,0.00223943,0.001939244
621,0,0,0.656722367,0.656722367,0.655613422,0.005432846,0.005184102
622,0,1,0.723185897,0.276814103,0.300654292,0.002289991,0.00237735
623,1,1,0.770664394,0.229335606,0.218131483,0.001897217,0.001724821
624,0,1,0.692144811,0.307855189,0.314729869,0.002546784,0.002488649
625,1,1,0.738750398,0.261249602,0.229145825,0.002161231,0.001811914
626,0,1,0.716771305,0.283228695,0.296741962,0.002343057,0.002346414
627,0,0,0.677286208,0.677286208,0.670030713,0.005602964,0.005298103
628,1,1,0.73102957,0.26897043,0.248022974,0.002225103,0.001961181
629,0,0,0.744535148,0.744535148,0.715988994,0.006159292,0.005661507
630,1,1,0.729832947,0.270167053,0.246350825,0.002235002,0.001947958
631,0,1,0.688670933,0.311329067,0.318108857,0.002575522,0.002515367
632,1,1,0.730136991,0.269863009,0.245344698,0.002232487,0.001940003
633,0,1,0.864859164,0.135140836,0.146413743,0.001117975,0.001157731
634,1,0,0.731112659,0.731112659,0.755577207,0.006048253,0.005974541
635,1,1,0.727930188,0.272069812,0.22736454,0.002250743,0.001797829
636,0,0,0.86747992,0.86747992,0.834868371,0.007176374,0.006601516
637,0,0,0.850907981,0.850907981,0.827734828,0.00703928,0.006545109
638,1,1,0.719429195,0.280570805,0.223883688,0.002321069,0.001770305
639,0,1,0.792825222,0.207174778,0.271466732,0.001713888,0.002146556
640,1,1,0.717800856,0.282199144,0.223219037,0.00233454,0.00176505
641,0,1,0.798326552,0.201673448,0.269887507,0.001668378,0.002134069