,Treatment,yf_true,yf_hat,diff_yf
0,0.0,0.0,0.28689536452293396,0.28689536452293396
1,0.0,0.0,0.282214879989624,0.282214879989624
2,0.0,0.0,0.09917780011892319,0.09917780011892319
3,0.0,0.0,0.23237213492393494,0.23237213492393494
4,0.0,0.0,0.2927698791027069,0.2927698791027069
5,0.0,0.0,0.24307315051555634,0.24307315051555634
6,0.0,0.0,0.15686054527759552,0.15686054527759552
7,0.0,0.0,0.29605546593666077,0.29605546593666077
8,0.0,0.0,0.25480303168296814,0.25480303168296814
9,0.0,0.0,0.25374093651771545,0.25374093651771545
10,0.0,0.0,0.1178782656788826,0.1178782656788826
11,0.0,1.0,0.2683439254760742,0.7316560745239258
12,0.0,0.0,0.15112701058387756,0.15112701058387756
13,0.0,0.0,0.09695311635732651,0.09695311635732651
14,0.0,0.0,0.26629161834716797,0.26629161834716797
15,0.0,0.0,0.09695311635732651,0.09695311635732651
16,0.0,0.0,0.18365614116191864,0.18365614116191864
17,0.0,0.0,0.1149192675948143,0.1149192675948143
18,0.0,1.0,0.7769177556037903,0.22308224439620972
19,0.0,1.0,0.6990590691566467,0.30094093084335327
20,0.0,1.0,0.8742783665657043,0.12572163343429565
21,0.0,1.0,0.8361114859580994,0.16388851404190063
22,0.0,1.0,0.9397648572921753,0.06023514270782471
23,0.0,1.0,0.9120591878890991,0.08794081211090088
24,0.0,1.0,0.9331397414207458,0.06686025857925415
25,0.0,1.0,0.7648717164993286,0.2351282835006714
26,0.0,0.0,0.9233384132385254,0.9233384132385254
27,0.0,1.0,0.7897722721099854,0.21022772789001465
28,0.0,1.0,0.8372407555580139,0.16275924444198608
29,0.0,0.0,0.837375283241272,0.837375283241272
30,0.0,1.0,0.8859391808509827,0.11406081914901733
31,0.0,1.0,0.8199083805084229,0.18009161949157715
32,0.0,1.0,0.9546812772750854,0.04531872272491455
33,0.0,1.0,0.8745839595794678,0.12541604042053223
34,0.0,0.0,0.8670621514320374,0.8670621514320374
35,0.0,1.0,0.8101804256439209,0.1898195743560791
36,0.0,1.0,0.7981172204017639,0.20188277959823608
37,0.0,1.0,0.8676192760467529,0.13238072395324707
38,0.0,1.0,0.9370366334915161,0.06296336650848389
39,0.0,1.0,0.9395065903663635,0.060493409633636475
40,0.0,1.0,0.9571292400360107,0.04287075996398926
41,0.0,1.0,0.9234812259674072,0.07651877403259277
42,0.0,1.0,0.9412074089050293,0.0587925910949707
43,0.0,1.0,0.9096798300743103,0.0903201699256897
44,0.0,1.0,0.953769326210022,0.04623067378997803
45,0.0,1.0,0.9054110646247864,0.09458893537521362
46,0.0,1.0,0.9496763348579407,0.050323665142059326
47,0.0,1.0,0.9499210119247437,0.05007898807525635
48,0.0,1.0,0.7488504648208618,0.2511495351791382
49,0.0,1.0,0.8687003254890442,0.1312996745109558
50,0.0,1.0,0.8812629580497742,0.11873704195022583
51,0.0,1.0,0.8225411176681519,0.17745888233184814
52,0.0,1.0,0.9441664218902588,0.05583357810974121
53,0.0,1.0,0.9420884251594543,0.057911574840545654
54,0.0,1.0,0.9511948227882385,0.048805177211761475
55,0.0,1.0,0.9567195773124695,0.04328042268753052
56,0.0,1.0,0.927431046962738,0.07256895303726196
57,0.0,1.0,0.9290899038314819,0.07091009616851807
58,0.0,1.0,0.9542925953865051,0.04570740461349487
59,0.0,1.0,0.9437866806983948,0.056213319301605225
60,0.0,1.0,0.9231014847755432,0.07689851522445679
61,0.0,1.0,0.9129072427749634,0.08709275722503662
62,0.0,1.0,0.915047287940979,0.084952712059021
63,0.0,1.0,0.8269890546798706,0.1730109453201294
64,0.0,1.0,0.9409904479980469,0.059009552001953125
65,0.0,1.0,0.9496907591819763,0.05030924081802368
66,0.0,1.0,0.9190481305122375,0.08095186948776245
67,0.0,1.0,0.906858503818512,0.09314149618148804
68,0.0,1.0,0.9263071417808533,0.07369285821914673
69,0.0,1.0,0.9386987090110779,0.06130129098892212
70,0.0,1.0,0.9758757948875427,0.024124205112457275
71,0.0,1.0,0.9294199347496033,0.07058006525039673
72,0.0,1.0,0.9166345000267029,0.08336549997329712
73,0.0,1.0,0.8791025876998901,0.12089741230010986
74,0.0,0.0,0.6588795781135559,0.6588795781135559
75,0.0,0.0,0.898550808429718,0.898550808429718
76,0.0,1.0,0.894425630569458,0.10557436943054199
77,0.0,1.0,0.9337248206138611,0.06627517938613892
78,0.0,0.0,0.95524662733078,0.95524662733078
79,0.0,1.0,0.9363804459571838,0.06361955404281616
80,0.0,1.0,0.9157906174659729,0.0842093825340271
81,0.0,1.0,0.9169580936431885,0.08304190635681152
82,0.0,1.0,0.9643383622169495,0.03566163778305054
83,0.0,1.0,0.9396908283233643,0.06030917167663574
84,0.0,1.0,0.9617243409156799,0.03827565908432007
85,0.0,1.0,0.9702926874160767,0.02970731258392334
86,0.0,1.0,0.9424268007278442,0.05757319927215576
87,0.0,1.0,0.9206439852714539,0.07935601472854614
88,0.0,1.0,0.9646872878074646,0.0353127121925354
89,0.0,1.0,0.8580837845802307,0.1419162154197693
90,0.0,0.0,0.896134078502655,0.896134078502655
91,0.0,1.0,0.9484759569168091,0.05152404308319092
92,0.0,1.0,0.9371556639671326,0.06284433603286743
93,0.0,1.0,0.9372942447662354,0.06270575523376465
94,0.0,1.0,0.9442352056503296,0.05576479434967041
95,0.0,1.0,0.9437591433525085,0.056240856647491455
96,0.0,1.0,0.9473668932914734,0.05263310670852661
97,0.0,1.0,0.9405850768089294,0.05941492319107056
98,0.0,1.0,0.9583274126052856,0.041672587394714355
99,0.0,1.0,0.9535428285598755,0.04645717144012451
100,0.0,1.0,0.9369255900382996,0.06307440996170044
101,0.0,1.0,0.907977283000946,0.09202271699905396
102,0.0,1.0,0.9493736624717712,0.05062633752822876
103,0.0,1.0,0.9593814611434937,0.04061853885650635
104,0.0,1.0,0.967575192451477,0.03242480754852295
105,0.0,1.0,0.9466971755027771,0.0533028244972229
106,0.0,1.0,0.9571353793144226,0.04286462068557739
107,0.0,1.0,0.9663683772087097,0.03363162279129028
108,0.0,1.0,0.9315986633300781,0.06840133666992188
109,0.0,1.0,0.9368540644645691,0.06314593553543091
110,0.0,1.0,0.9636701345443726,0.03632986545562744
111,0.0,1.0,0.9275543093681335,0.07244569063186646
112,0.0,1.0,0.7875955700874329,0.21240442991256714
113,0.0,1.0,0.9264640212059021,0.0735359787940979
114,0.0,1.0,0.9376459121704102,0.062354087829589844
115,0.0,1.0,0.9364691972732544,0.0635308027267456
116,0.0,1.0,0.9398430585861206,0.060156941413879395
117,0.0,1.0,0.9553899765014648,0.044610023498535156
118,0.0,1.0,0.9596693515777588,0.04033064842224121
119,0.0,1.0,0.9676356911659241,0.03236430883407593
120,0.0,1.0,0.9582613110542297,0.041738688945770264
121,0.0,1.0,0.9731900095939636,0.026809990406036377
122,0.0,1.0,0.950228214263916,0.049771785736083984
123,0.0,1.0,0.965809166431427,0.034190833568573
124,0.0,1.0,0.9546593427658081,0.045340657234191895
125,0.0,1.0,0.9479418992996216,0.05205810070037842
126,0.0,1.0,0.9446387887001038,0.05536121129989624
127,0.0,1.0,0.9471756219863892,0.05282437801361084
128,0.0,1.0,0.9537748098373413,0.04622519016265869
129,0.0,1.0,0.8563293814659119,0.14367061853408813
130,0.0,1.0,0.9286608099937439,0.0713391900062561
131,0.0,1.0,0.9417794942855835,0.058220505714416504
132,0.0,1.0,0.9577183127403259,0.04228168725967407
133,0.0,0.0,0.9534043073654175,0.9534043073654175
134,0.0,1.0,0.9695415496826172,0.030458450317382812
135,0.0,1.0,0.9682618379592896,0.03173816204071045
136,0.0,1.0,0.978245735168457,0.02175426483154297
137,0.0,1.0,0.9385958909988403,0.06140410900115967
138,0.0,1.0,0.9686482548713684,0.03135174512863159
139,0.0,1.0,0.9708127975463867,0.02918720245361328
140,0.0,1.0,0.8838545680046082,0.11614543199539185
141,0.0,1.0,0.6985085010528564,0.30149149894714355
142,0.0,1.0,0.922244131565094,0.077755868434906
143,0.0,1.0,0.923378586769104,0.076621413230896
144,0.0,1.0,0.9501764178276062,0.0498235821723938
145,0.0,1.0,0.95591801404953,0.04408198595046997
146,0.0,1.0,0.9572374820709229,0.04276251792907715
147,0.0,1.0,0.969670832157135,0.03032916784286499
148,0.0,1.0,0.9595752954483032,0.04042470455169678
149,0.0,1.0,0.9629595279693604,0.03704047203063965
150,0.0,1.0,0.9592090249061584,0.04079097509384155
151,0.0,1.0,0.9729674458503723,0.027032554149627686
152,0.0,1.0,0.9538468718528748,0.046153128147125244
153,0.0,1.0,0.9531147480010986,0.04688525199890137
154,0.0,1.0,0.9627076387405396,0.03729236125946045
155,0.0,1.0,0.9312127828598022,0.06878721714019775
156,0.0,1.0,0.9689332246780396,0.03106677532196045
157,0.0,1.0,0.9551156759262085,0.044884324073791504
158,0.0,1.0,0.9526823163032532,0.047317683696746826
159,0.0,1.0,0.9575461745262146,0.0424538254737854
160,0.0,1.0,0.9717788696289062,0.02822113037109375
161,0.0,1.0,0.9312880635261536,0.06871193647384644
162,0.0,1.0,0.9507350325584412,0.04926496744155884
163,0.0,0.0,0.9470511674880981,0.9470511674880981
164,0.0,1.0,0.9506560564041138,0.04934394359588623
165,0.0,1.0,0.7638996243476868,0.23610037565231323
166,0.0,1.0,0.6220844388008118,0.37791556119918823
167,0.0,1.0,0.9134517908096313,0.08654820919036865
168,0.0,1.0,0.9398224353790283,0.06017756462097168
169,0.0,1.0,0.9493555426597595,0.05064445734024048
170,0.0,1.0,0.9625179767608643,0.03748202323913574
171,0.0,1.0,0.9556086659431458,0.04439133405685425
172,0.0,1.0,0.9650600552558899,0.03493994474411011
173,0.0,1.0,0.9659067988395691,0.03409320116043091
174,0.0,1.0,0.9658945798873901,0.03410542011260986
175,0.0,1.0,0.9659473896026611,0.03405261039733887
176,0.0,1.0,0.9641537070274353,0.0358462929725647
177,0.0,1.0,0.9733105301856995,0.026689469814300537
178,0.0,1.0,0.9656107425689697,0.03438925743103027
179,0.0,1.0,0.9770103693008423,0.022989630699157715
180,0.0,1.0,0.90556401014328,0.09443598985671997
181,0.0,1.0,0.9640708565711975,0.03592914342880249
182,0.0,1.0,0.9226862788200378,0.07731372117996216
183,0.0,1.0,0.9484967589378357,0.05150324106216431
184,0.0,1.0,0.956183671951294,0.043816328048706055
185,0.0,1.0,0.9642460346221924,0.03575396537780762
186,0.0,1.0,0.9481020569801331,0.05189794301986694
187,0.0,1.0,0.9566018581390381,0.043398141860961914
188,0.0,1.0,0.9519391655921936,0.048060834407806396
189,0.0,1.0,0.9765399694442749,0.023460030555725098
190,0.0,1.0,0.9802063703536987,0.01979362964630127
191,0.0,1.0,0.6293327808380127,0.3706672191619873
192,0.0,1.0,0.9579764604568481,0.042023539543151855
193,0.0,1.0,0.9702349901199341,0.029765009880065918
194,0.0,1.0,0.943347692489624,0.05665230751037598
195,0.0,1.0,0.9488701224327087,0.05112987756729126
196,0.0,1.0,0.9465454816818237,0.05345451831817627
197,0.0,1.0,0.9640236496925354,0.0359763503074646
198,0.0,1.0,0.9646124839782715,0.035387516021728516
199,0.0,1.0,0.9656571745872498,0.034342825412750244
200,0.0,1.0,0.9619860649108887,0.03801393508911133
201,0.0,1.0,0.9662385582923889,0.033761441707611084
202,0.0,1.0,0.9753209948539734,0.02467900514602661
203,0.0,1.0,0.9790867567062378,0.020913243293762207
204,0.0,1.0,0.9634470343589783,0.03655296564102173
205,0.0,1.0,0.975737452507019,0.024262547492980957
206,0.0,1.0,0.9752109050750732,0.024789094924926758
207,0.0,1.0,0.9759154319763184,0.02408456802368164
208,0.0,1.0,0.9474068880081177,0.052593111991882324
209,0.0,1.0,0.9638940691947937,0.0361059308052063
210,0.0,1.0,0.9665077924728394,0.033492207527160645
211,0.0,1.0,0.9785899519920349,0.021410048007965088
212,0.0,1.0,0.960273027420044,0.039726972579956055
213,0.0,1.0,0.9666164517402649,0.03338354825973511
214,0.0,1.0,0.8339375853538513,0.16606241464614868
215,0.0,1.0,0.969005286693573,0.030994713306427002
216,0.0,0.0,0.9459381699562073,0.9459381699562073
217,0.0,1.0,0.9529832005500793,0.047016799449920654
218,0.0,1.0,0.9616457223892212,0.03835427761077881
219,0.0,1.0,0.9597246646881104,0.04027533531188965
220,0.0,1.0,0.9528066515922546,0.04719334840774536
221,0.0,1.0,0.9756213426589966,0.024378657341003418
222,0.0,1.0,0.9656756520271301,0.03432434797286987
223,0.0,1.0,0.9721809029579163,0.02781909704208374
224,0.0,1.0,0.9672749638557434,0.03272503614425659
225,0.0,1.0,0.9649271965026855,0.03507280349731445
226,0.0,1.0,0.9702831506729126,0.029716849327087402
227,0.0,1.0,0.9684737920761108,0.03152620792388916
228,0.0,1.0,0.9669209718704224,0.03307902812957764
229,0.0,1.0,0.9690662026405334,0.030933797359466553
230,0.0,1.0,0.9773465991020203,0.022653400897979736
231,0.0,0.0,0.9862062335014343,0.9862062335014343
232,0.0,1.0,0.9741388559341431,0.025861144065856934
233,0.0,1.0,0.9701705574989319,0.029829442501068115
234,0.0,1.0,0.9695910811424255,0.030408918857574463
235,0.0,1.0,0.9660905003547668,0.033909499645233154
236,0.0,1.0,0.9654684662818909,0.03453153371810913
237,0.0,1.0,0.971010684967041,0.028989315032958984
238,0.0,1.0,0.9781901836395264,0.021809816360473633
239,0.0,1.0,0.9821743965148926,0.017825603485107422
240,0.0,1.0,0.936791181564331,0.06320881843566895
241,0.0,1.0,0.9755696058273315,0.024430394172668457
242,0.0,1.0,0.9755696058273315,0.024430394172668457
243,0.0,1.0,0.9629397392272949,0.03706026077270508
244,0.0,1.0,0.9664669036865234,0.03353309631347656
245,0.0,1.0,0.9633262157440186,0.036673784255981445
246,0.0,1.0,0.9665412902832031,0.033458709716796875
247,0.0,1.0,0.969704270362854,0.030295729637145996
248,0.0,1.0,0.9497417211532593,0.05025827884674072
249,0.0,1.0,0.9532315135002136,0.04676848649978638
250,0.0,1.0,0.966218888759613,0.03378111124038696
251,0.0,1.0,0.9711205363273621,0.02887946367263794
252,0.0,1.0,0.9774667620658875,0.02253323793411255
253,0.0,1.0,0.9642791748046875,0.0357208251953125
254,0.0,1.0,0.9904072880744934,0.009592711925506592
255,0.0,1.0,0.9690782427787781,0.030921757221221924
256,0.0,1.0,0.9717841744422913,0.02821582555770874
257,0.0,1.0,0.975075900554657,0.024924099445343018
258,0.0,1.0,0.9724810719490051,0.027518928050994873
259,0.0,1.0,0.9579192399978638,0.04208076000213623
260,0.0,1.0,0.9670128226280212,0.03298717737197876
261,0.0,1.0,0.9612672328948975,0.03873276710510254
262,0.0,0.0,0.9623045325279236,0.9623045325279236
263,0.0,1.0,0.966544508934021,0.033455491065979004
264,0.0,1.0,0.9790951013565063,0.020904898643493652
265,0.0,1.0,0.9709464311599731,0.029053568840026855
266,0.0,1.0,0.9618282318115234,0.03817176818847656
267,0.0,1.0,0.9729569554328918,0.027043044567108154
268,0.0,1.0,0.9787065386772156,0.021293461322784424
269,0.0,1.0,0.9685145616531372,0.03148543834686279
270,0.0,1.0,0.967993438243866,0.03200656175613403
271,0.0,1.0,0.9683043956756592,0.03169560432434082
272,0.0,0.0,0.9699040651321411,0.9699040651321411
273,0.0,1.0,0.9556113481521606,0.044388651847839355
274,0.0,1.0,0.9568712711334229,0.04312872886657715
275,0.0,1.0,0.9690142273902893,0.030985772609710693
276,0.0,1.0,0.9643583297729492,0.03564167022705078
277,0.0,1.0,0.9701055288314819,0.029894471168518066
278,0.0,1.0,0.9633011817932129,0.03669881820678711
279,0.0,1.0,0.9723765850067139,0.027623414993286133
280,0.0,1.0,0.96236252784729,0.03763747215270996
281,0.0,1.0,0.9670121669769287,0.03298783302307129
282,0.0,1.0,0.9801479578018188,0.019852042198181152
283,0.0,1.0,0.976223349571228,0.023776650428771973
284,0.0,0.0,0.5104089379310608,0.5104089379310608
285,0.0,1.0,0.9664874076843262,0.03351259231567383
286,0.0,1.0,0.9773533344268799,0.022646665573120117
287,0.0,1.0,0.9625303745269775,0.03746962547302246
288,0.0,1.0,0.9648758172988892,0.03512418270111084
289,0.0,1.0,0.9719263911247253,0.028073608875274658
290,0.0,1.0,0.9816883206367493,0.018311679363250732
291,0.0,1.0,0.9831632971763611,0.016836702823638916
292,0.0,1.0,0.9530463218688965,0.046953678131103516
293,0.0,1.0,0.9715814590454102,0.028418540954589844
294,0.0,1.0,0.977538526058197,0.02246147394180298
295,0.0,1.0,0.9794849753379822,0.020515024662017822
296,0.0,1.0,0.8113746643066406,0.18862533569335938
297,0.0,1.0,0.9528034329414368,0.04719656705856323
298,0.0,1.0,0.976132333278656,0.023867666721343994
299,0.0,1.0,0.9739800691604614,0.026019930839538574
300,0.0,1.0,0.9725114107131958,0.0274885892868042
301,0.0,1.0,0.9758120179176331,0.024187982082366943
302,0.0,1.0,0.9762937426567078,0.023706257343292236
303,0.0,1.0,0.9753302931785583,0.02466970682144165
304,0.0,1.0,0.9742630124092102,0.025736987590789795
305,0.0,1.0,0.9784995317459106,0.021500468254089355
306,0.0,1.0,0.9810832142829895,0.018916785717010498
307,0.0,1.0,0.976617693901062,0.02338230609893799
308,0.0,1.0,0.9724869132041931,0.027513086795806885
309,0.0,1.0,0.9657681584358215,0.03423184156417847
310,0.0,1.0,0.9660137891769409,0.03398621082305908
311,0.0,1.0,0.9677385091781616,0.03226149082183838
312,0.0,1.0,0.9751085042953491,0.02489149570465088
313,0.0,1.0,0.9656175971031189,0.034382402896881104
314,0.0,1.0,0.9823776483535767,0.01762235164642334
315,0.0,1.0,0.9474687576293945,0.05253124237060547
316,0.0,1.0,0.9710747599601746,0.02892524003982544
317,0.0,1.0,0.9689035415649414,0.031096458435058594
318,0.0,1.0,0.9677417278289795,0.03225827217102051
319,0.0,1.0,0.9739173054695129,0.02608269453048706
320,0.0,1.0,0.9797707200050354,0.0202292799949646
321,0.0,1.0,0.9675828814506531,0.032417118549346924
322,0.0,1.0,0.9657261967658997,0.03427380323410034
323,0.0,1.0,0.9647619724273682,0.035238027572631836
324,0.0,1.0,0.9776594042778015,0.022340595722198486
325,0.0,1.0,0.9803606867790222,0.019639313220977783
326,0.0,1.0,0.9779927730560303,0.022007226943969727
327,0.0,1.0,0.9807910919189453,0.019208908081054688
328,0.0,1.0,0.9676926136016846,0.03230738639831543
329,0.0,1.0,0.9832825064659119,0.016717493534088135
330,0.0,1.0,0.9811602234840393,0.018839776515960693
331,0.0,1.0,0.9713728427886963,0.02862715721130371
332,0.0,1.0,0.9841328859329224,0.015867114067077637
333,0.0,1.0,0.9729238748550415,0.027076125144958496
334,0.0,1.0,0.8452619910240173,0.15473800897598267
335,0.0,1.0,0.9338847994804382,0.06611520051956177
336,0.0,1.0,0.9749035239219666,0.025096476078033447
337,0.0,1.0,0.9815841317176819,0.018415868282318115
338,0.0,1.0,0.9781118631362915,0.021888136863708496
339,0.0,0.0,0.9897524118423462,0.9897524118423462
340,0.0,1.0,0.9888155460357666,0.011184453964233398
341,0.0,1.0,0.9888155460357666,0.011184453964233398
342,0.0,1.0,0.9833210706710815,0.016678929328918457
343,0.0,1.0,0.9803844690322876,0.019615530967712402
344,0.0,1.0,0.9818689227104187,0.0181310772895813
345,0.0,1.0,0.9721003770828247,0.027899622917175293
346,0.0,1.0,0.9836719632148743,0.016328036785125732
347,0.0,1.0,0.9831803441047668,0.016819655895233154
348,0.0,1.0,0.9815452694892883,0.01845473051071167
349,0.0,0.0,0.9619086384773254,0.9619086384773254
350,0.0,1.0,0.9760069251060486,0.023993074893951416
351,0.0,1.0,0.9750089049339294,0.024991095066070557
352,0.0,1.0,0.9718054533004761,0.028194546699523926
353,0.0,1.0,0.9687228202819824,0.03127717971801758
354,0.0,1.0,0.9797786474227905,0.020221352577209473
355,0.0,1.0,0.9827712178230286,0.017228782176971436
356,0.0,0.0,0.9893290400505066,0.9893290400505066
357,0.0,1.0,0.9950037598609924,0.004996240139007568
358,0.0,0.0,0.2717207372188568,0.2717207372188568
359,0.0,0.0,0.2717207372188568,0.2717207372188568
360,0.0,0.0,0.10700861364603043,0.10700861364603043
361,0.0,0.0,0.5327896475791931,0.5327896475791931
362,0.0,0.0,0.24869948625564575,0.24869948625564575
363,0.0,0.0,0.10296034812927246,0.10296034812927246
364,0.0,0.0,0.3793870806694031,0.3793870806694031
365,0.0,1.0,0.6268442869186401,0.37315571308135986
366,0.0,1.0,0.22291402518749237,0.7770859599113464
367,0.0,0.0,0.28067654371261597,0.28067654371261597
368,0.0,0.0,0.3428804278373718,0.3428804278373718
369,0.0,1.0,0.3048032224178314,0.6951967477798462
370,0.0,0.0,0.11205748468637466,0.11205748468637466
371,0.0,0.0,0.262076199054718,0.262076199054718
372,0.0,0.0,0.3489972949028015,0.3489972949028015
373,0.0,0.0,0.10768397897481918,0.10768397897481918
374,0.0,0.0,0.4512992203235626,0.4512992203235626
375,0.0,0.0,0.10867425054311752,0.10867425054311752
376,0.0,0.0,0.2595556378364563,0.2595556378364563
377,0.0,1.0,0.6642298698425293,0.3357701301574707
378,0.0,0.0,0.5127883553504944,0.5127883553504944
379,0.0,1.0,0.9741577506065369,0.025842249393463135
380,0.0,1.0,0.5408651232719421,0.45913487672805786
381,0.0,1.0,0.8277948498725891,0.1722051501274109
382,0.0,1.0,0.7363887429237366,0.2636112570762634
383,0.0,1.0,0.7066925764083862,0.29330742359161377
384,0.0,1.0,0.8813837766647339,0.11861622333526611
385,0.0,1.0,0.7721965909004211,0.22780340909957886
386,0.0,1.0,0.7721965909004211,0.22780340909957886
387,0.0,1.0,0.7546233534812927,0.24537664651870728
388,0.0,1.0,0.9714438319206238,0.02855616807937622
389,0.0,1.0,0.8563358783721924,0.14366412162780762
390,0.0,1.0,0.785283625125885,0.214716374874115
391,0.0,0.0,0.8240407705307007,0.8240407705307007
392,0.0,1.0,0.8383472561836243,0.16165274381637573
393,0.0,1.0,0.868642270565033,0.13135772943496704
394,0.0,1.0,0.9373465776443481,0.06265342235565186
395,0.0,1.0,0.8411182761192322,0.15888172388076782
396,0.0,1.0,0.8802553415298462,0.11974465847015381
397,0.0,1.0,0.8353455066680908,0.16465449333190918
398,0.0,1.0,0.8553575873374939,0.1446424126625061
399,0.0,0.0,0.9029456377029419,0.9029456377029419
400,0.0,1.0,0.9182863235473633,0.08171367645263672
401,0.0,1.0,0.792430579662323,0.207569420337677
402,0.0,1.0,0.7675175070762634,0.23248249292373657
403,0.0,1.0,0.9147946238517761,0.08520537614822388
404,0.0,1.0,0.9315619468688965,0.06843805313110352
405,0.0,1.0,0.8702602982521057,0.1297397017478943
406,0.0,1.0,0.8723936676979065,0.1276063323020935
407,0.0,1.0,0.9347864389419556,0.06521356105804443
408,0.0,1.0,0.8654636740684509,0.13453632593154907
409,0.0,1.0,0.8682519793510437,0.1317480206489563
410,0.0,1.0,0.8690600395202637,0.13093996047973633
411,0.0,1.0,0.7345128059387207,0.2654871940612793
412,0.0,1.0,0.9072095155715942,0.09279048442840576
413,0.0,1.0,0.8899738788604736,0.11002612113952637
414,0.0,1.0,0.9251897931098938,0.0748102068901062
415,0.0,1.0,0.867644190788269,0.13235580921173096
416,0.0,0.0,0.9509337544441223,0.9509337544441223
417,0.0,1.0,0.9577268958091736,0.042273104190826416
418,0.0,1.0,0.9235581755638123,0.07644182443618774
419,0.0,1.0,0.6587710976600647,0.3412289023399353
420,0.0,1.0,0.9335229992866516,0.06647700071334839
421,0.0,1.0,0.8462616205215454,0.1537383794784546
422,0.0,1.0,0.5216161608695984,0.4783838391304016
423,0.0,1.0,0.8998432755470276,0.10015672445297241
424,0.0,1.0,0.8969017267227173,0.10309827327728271
425,0.0,1.0,0.8552928566932678,0.14470714330673218
426,0.0,0.0,0.7576761841773987,0.7576761841773987
427,0.0,1.0,0.8979485034942627,0.1020514965057373
428,0.0,1.0,0.9601933360099792,0.03980666399002075
429,0.0,1.0,0.9072818160057068,0.09271818399429321
430,0.0,0.0,0.8991169929504395,0.8991169929504395
431,0.0,1.0,0.8814336061477661,0.11856639385223389
432,0.0,1.0,0.91386878490448,0.08613121509552002
433,0.0,1.0,0.9468489289283752,0.053151071071624756
434,0.0,1.0,0.9150090217590332,0.0849909782409668
435,0.0,1.0,0.8939196467399597,0.10608035326004028
436,0.0,1.0,0.9301644563674927,0.06983554363250732
437,0.0,0.0,0.9577081799507141,0.9577081799507141
438,0.0,1.0,0.9039487242698669,0.09605127573013306
439,0.0,1.0,0.9140236973762512,0.08597630262374878
440,0.0,1.0,0.8697917461395264,0.13020825386047363
441,0.0,1.0,0.9672064781188965,0.032793521881103516
442,0.0,0.0,0.8419271111488342,0.8419271111488342
443,0.0,1.0,0.9134331941604614,0.08656680583953857
444,0.0,1.0,0.9334429502487183,0.06655704975128174
445,0.0,1.0,0.9473580121994019,0.052641987800598145
446,0.0,1.0,0.9792911410331726,0.020708858966827393
447,0.0,1.0,0.9443239569664001,0.055676043033599854
448,0.0,1.0,0.9382479786872864,0.06175202131271362
449,0.0,1.0,0.853097140789032,0.14690285921096802
450,0.0,1.0,0.9146497845649719,0.08535021543502808
451,0.0,1.0,0.9621770977973938,0.0378229022026062
452,0.0,1.0,0.9646554589271545,0.03534454107284546
453,0.0,1.0,0.8921262621879578,0.10787373781204224
454,0.0,1.0,0.9678437113761902,0.032156288623809814
455,0.0,1.0,0.921950101852417,0.07804989814758301
456,0.0,1.0,0.9413217902183533,0.05867820978164673
457,0.0,1.0,0.9276275038719177,0.07237249612808228
458,0.0,1.0,0.9603285193443298,0.039671480655670166
459,0.0,1.0,0.9606550335884094,0.039344966411590576
460,0.0,1.0,0.9658808708190918,0.0341191291809082
461,0.0,1.0,0.9609920382499695,0.03900796175003052
462,0.0,1.0,0.96860671043396,0.03139328956604004
463,0.0,1.0,0.9553571343421936,0.044642865657806396
464,0.0,1.0,0.9272780418395996,0.07272195816040039
465,0.0,1.0,0.975830078125,0.024169921875
466,0.0,1.0,0.9641348719596863,0.03586512804031372
467,0.0,1.0,0.9702779650688171,0.02972203493118286
468,0.0,1.0,0.948671817779541,0.051328182220458984
469,0.0,1.0,0.9732023477554321,0.02679765224456787
470,0.0,1.0,0.9427982568740845,0.05720174312591553
471,0.0,1.0,0.955641508102417,0.04435849189758301
472,0.0,1.0,0.9637615084648132,0.03623849153518677
473,0.0,1.0,0.9626712203025818,0.03732877969741821
474,0.0,1.0,0.9736201763153076,0.026379823684692383
475,0.0,1.0,0.9737977385520935,0.026202261447906494
476,0.0,1.0,0.9639104604721069,0.036089539527893066
477,0.0,1.0,0.9700676798820496,0.02993232011795044
478,0.0,1.0,0.8862662315368652,0.11373376846313477
479,0.0,1.0,0.94804847240448,0.05195152759552002
480,0.0,1.0,0.954086184501648,0.04591381549835205
481,0.0,1.0,0.9311664700508118,0.06883352994918823
482,0.0,1.0,0.9625680446624756,0.037431955337524414
483,0.0,1.0,0.9665889739990234,0.03341102600097656
484,0.0,1.0,0.9598848223686218,0.040115177631378174
485,0.0,1.0,0.9611431956291199,0.03885680437088013
486,0.0,1.0,0.9498140811920166,0.0501859188079834
487,0.0,1.0,0.9753216505050659,0.024678349494934082
488,0.0,1.0,0.9653398394584656,0.034660160541534424
489,0.0,1.0,0.9657015204429626,0.034298479557037354
490,0.0,1.0,0.9682301878929138,0.03176981210708618
491,0.0,1.0,0.9685418605804443,0.031458139419555664
492,0.0,1.0,0.97548907995224,0.02451092004776001
493,0.0,1.0,0.9838728308677673,0.016127169132232666
494,0.0,1.0,0.980620265007019,0.019379734992980957
495,0.0,1.0,0.966375470161438,0.03362452983856201
496,0.0,1.0,0.9718213081359863,0.028178691864013672
497,0.0,1.0,0.9796594977378845,0.02034050226211548
498,1.0,1.0,0.6842116713523865,0.3157883286476135
499,0.0,1.0,0.5877900123596191,0.41220998764038086
500,0.0,0.0,0.5501915216445923,0.5501915216445923
501,0.0,1.0,0.9656690955162048,0.034330904483795166
502,1.0,1.0,0.6942358613014221,0.3057641386985779
503,1.0,1.0,0.6981423497200012,0.3018576502799988
504,1.0,1.0,0.6937850713729858,0.30621492862701416
505,1.0,1.0,0.6880557537078857,0.31194424629211426
506,0.0,0.0,0.5448991656303406,0.5448991656303406
507,1.0,1.0,0.7375630736351013,0.2624369263648987
508,0.0,1.0,0.4071400761604309,0.5928599238395691
509,0.0,0.0,0.6908838748931885,0.6908838748931885
510,0.0,1.0,0.7515141367912292,0.24848586320877075
511,1.0,1.0,0.6959699988365173,0.30403000116348267
512,0.0,1.0,0.7597121596336365,0.24028784036636353
513,0.0,1.0,0.89438396692276,0.10561603307723999
514,1.0,1.0,0.7183717489242554,0.28162825107574463
515,1.0,1.0,0.7026989459991455,0.2973010540008545
516,0.0,1.0,0.5559858679771423,0.44401413202285767
517,1.0,1.0,0.676344096660614,0.323655903339386
518,1.0,1.0,0.6759752631187439,0.3240247368812561
519,0.0,1.0,0.7733160257339478,0.22668397426605225
520,0.0,0.0,0.8685006499290466,0.8685006499290466
521,0.0,1.0,0.8769267201423645,0.1230732798576355
522,0.0,0.0,0.5128148198127747,0.5128148198127747
523,1.0,1.0,0.6907185316085815,0.30928146839141846
524,0.0,1.0,0.9779872298240662,0.022012770175933838
525,0.0,1.0,0.5885993242263794,0.4114006757736206
526,1.0,1.0,0.6714423298835754,0.32855767011642456
527,1.0,1.0,0.6717472076416016,0.32825279235839844
528,0.0,0.0,0.3893251419067383,0.3893251419067383
529,1.0,1.0,0.6846103668212891,0.31538963317871094
530,0.0,1.0,0.797167181968689,0.20283281803131104
531,0.0,0.0,0.8991167545318604,0.8991167545318604
532,0.0,1.0,0.7478104829788208,0.2521895170211792
533,0.0,1.0,0.6814327239990234,0.31856727600097656
534,1.0,1.0,0.6921414732933044,0.30785852670669556
535,0.0,1.0,0.6605091691017151,0.3394908308982849
536,1.0,0.0,0.6675799489021301,0.6675799489021301
537,1.0,0.0,0.6820918321609497,0.6820918321609497
538,1.0,1.0,0.7167518138885498,0.2832481861114502
539,0.0,1.0,0.6148171424865723,0.38518285751342773
540,0.0,1.0,0.8632137179374695,0.13678628206253052
541,1.0,1.0,0.6850724220275879,0.3149275779724121
542,0.0,1.0,0.6162461042404175,0.3837538957595825
543,0.0,1.0,0.6198850274085999,0.38011497259140015
544,1.0,1.0,0.697571337223053,0.302428662776947
545,0.0,0.0,0.7929968237876892,0.7929968237876892
546,1.0,1.0,0.6919873952865601,0.30801260471343994
547,0.0,0.0,0.6018598675727844,0.6018598675727844
548,0.0,1.0,0.7266109585762024,0.2733890414237976
549,0.0,1.0,0.6417217254638672,0.3582782745361328
550,1.0,0.0,0.6907185316085815,0.6907185316085815
551,0.0,0.0,0.6966866254806519,0.6966866254806519
552,1.0,0.0,0.6999491453170776,0.6999491453170776
553,0.0,1.0,0.7265467643737793,0.2734532356262207
554,0.0,1.0,0.6680668592453003,0.3319331407546997
555,1.0,0.0,0.693936288356781,0.693936288356781
556,0.0,0.0,0.767666220664978,0.767666220664978
557,1.0,1.0,0.6971526741981506,0.30284732580184937
558,1.0,0.0,0.702488124370575,0.702488124370575
559,0.0,1.0,0.6735062599182129,0.3264937400817871
560,1.0,1.0,0.6794350743293762,0.3205649256706238
561,0.0,1.0,0.8542611002922058,0.1457388997077942
562,0.0,1.0,0.859951376914978,0.14004862308502197
563,0.0,1.0,0.6701751947402954,0.3298248052597046
564,0.0,1.0,0.7883456349372864,0.21165436506271362
565,0.0,0.0,0.7823020815849304,0.7823020815849304
566,1.0,1.0,0.7107272148132324,0.2892727851867676
567,0.0,1.0,0.9784635901451111,0.021536409854888916
568,0.0,1.0,0.7635557055473328,0.23644429445266724
569,0.0,0.0,0.7650223970413208,0.7650223970413208
570,1.0,0.0,0.6833705902099609,0.6833705902099609
571,0.0,0.0,0.6605091691017151,0.6605091691017151
572,1.0,1.0,0.6771113872528076,0.3228886127471924
573,0.0,1.0,0.8877231478691101,0.11227685213088989
574,0.0,1.0,0.6541836857795715,0.34581631422042847
575,1.0,1.0,0.6794350743293762,0.3205649256706238
576,1.0,1.0,0.6821092367172241,0.3178907632827759
577,1.0,1.0,0.6860893368721008,0.31391066312789917
578,1.0,1.0,0.6853417754173279,0.3146582245826721
579,0.0,0.0,0.6930476427078247,0.6930476427078247
580,0.0,0.0,0.7554938793182373,0.7554938793182373
581,1.0,1.0,0.6887281537055969,0.3112718462944031
582,0.0,1.0,0.668117105960846,0.33188289403915405
583,0.0,1.0,0.8099949359893799,0.19000506401062012
584,1.0,1.0,0.7303737998008728,0.2696262001991272
585,0.0,1.0,0.6903591156005859,0.30964088439941406
586,0.0,1.0,0.7358372807502747,0.26416271924972534
587,0.0,0.0,0.544117271900177,0.544117271900177
588,0.0,1.0,0.9422146081924438,0.05778539180755615
589,0.0,1.0,0.5611193180084229,0.43888068199157715
590,0.0,0.0,0.5826466083526611,0.5826466083526611
591,1.0,1.0,0.6723082661628723,0.3276917338371277
592,0.0,1.0,0.7876782417297363,0.21232175827026367
593,0.0,1.0,0.7582844495773315,0.24171555042266846
594,0.0,0.0,0.6230992078781128,0.6230992078781128
595,0.0,1.0,0.7025213837623596,0.2974786162376404
596,1.0,1.0,0.6516902446746826,0.3483097553253174
597,0.0,0.0,0.6022177934646606,0.6022177934646606
598,1.0,1.0,0.6780892014503479,0.3219107985496521
599,0.0,1.0,0.9479097723960876,0.052090227603912354
600,0.0,1.0,0.6720544099807739,0.3279455900192261
601,0.0,1.0,0.5991664528846741,0.4008335471153259
602,1.0,1.0,0.6813402771949768,0.3186597228050232
603,1.0,1.0,0.6797328591346741,0.3202671408653259
604,1.0,1.0,0.6973373293876648,0.3026626706123352
605,0.0,1.0,0.6889137029647827,0.3110862970352173
606,0.0,1.0,0.6573377251625061,0.3426622748374939
607,1.0,0.0,0.6820694804191589,0.6820694804191589
608,1.0,0.0,0.6723082661628723,0.6723082661628723
609,0.0,0.0,0.6339118480682373,0.6339118480682373
610,1.0,1.0,0.6912724375724792,0.30872756242752075
611,0.0,0.0,0.7105158567428589,0.7105158567428589
612,0.0,1.0,0.7204497456550598,0.2795502543449402
613,0.0,1.0,0.7228243350982666,0.2771756649017334
614,1.0,1.0,0.6760550737380981,0.32394492626190186
615,0.0,0.0,0.6383653283119202,0.6383653283119202
616,0.0,1.0,0.6831045150756836,0.3168954849243164
617,0.0,0.0,0.6596535444259644,0.6596535444259644
618,1.0,1.0,0.6958643198013306,0.30413568019866943
619,0.0,0.0,0.6515616178512573,0.6515616178512573
620,0.0,1.0,0.6782549619674683,0.32174503803253174
621,0.0,1.0,0.7169556617736816,0.28304433822631836
622,0.0,0.0,0.697982668876648,0.697982668876648
623,1.0,1.0,0.7038944959640503,0.2961055040359497
624,0.0,1.0,0.6732403039932251,0.3267596960067749
625,0.0,1.0,0.6645814776420593,0.3354185223579407
626,0.0,1.0,0.7328510880470276,0.2671489119529724
627,0.0,0.0,0.693128228187561,0.693128228187561
628,0.0,1.0,0.724317729473114,0.275682270526886
629,0.0,1.0,0.693128228187561,0.30687177181243896
630,0.0,1.0,0.7132152318954468,0.2867847681045532
631,0.0,1.0,0.7321645021438599,0.26783549785614014
632,0.0,1.0,0.7377867698669434,0.26221323013305664
633,0.0,1.0,0.7380740642547607,0.26192593574523926
634,0.0,1.0,0.722038209438324,0.277961790561676
635,0.0,1.0,0.6828780770301819,0.3171219229698181
636,0.0,1.0,0.6903591156005859,0.30964088439941406
637,0.0,0.0,0.7885228395462036,0.7885228395462036
638,1.0,0.0,0.6997756958007812,0.6997756958007812
639,0.0,1.0,0.8120412826538086,0.1879587173461914
640,0.0,1.0,0.7940840125083923,0.20591598749160767
641,1.0,1.0,0.7410906553268433,0.25890934467315674
